userid,wallclock_limit_sec,wallclock_runtime_sec,num_cores,cputime_sec,total_MB_req,status,time
3941337397,14400,4,1,3266,4096,EXIT,1/1/2019 0:16
3567197086,14340,4,1,29899,4096,DONE,1/1/2019 2:47
3596656414,10800,4,1,104.956039,4096,DONE,1/1/2019 3:00
3596656414,10800,4,1,90.19529,4096,DONE,1/1/2019 3:00
3567197086,14340,4,1,0,4096,EXIT,1/1/2019 3:22
3941337397,72000,4,1,30.319389,4096,EXIT,1/1/2019 4:07
3941337397,72000,4,1,28.916603,4096,EXIT,1/1/2019 4:14
3941337397,72000,4,1,28.916603,4096,EXIT,1/1/2019 4:14
